scenario_id,time_s,src_uav,dst_uav,distance_m,hop_count,blocked_building_count,rssi_dbm_est,snr_db_est,plr_pct_est,rtt_ms_est,throughput_mbps_est,link_state,optimal_relay_uav
relay_failure,0.2500,0,1,40.000,1,0,-73.933,21.067,0.500,16.800,6.800,healthy,2
relay_failure,0.2500,0,2,37.736,0,0,-95.000,0.000,70.000,16.302,7.321,disconnected,2
relay_failure,0.2500,0,3,60.000,0,0,-95.000,0.000,70.000,21.200,2.200,disconnected,2
relay_failure,0.2500,0,4,72.111,0,0,-95.000,0.000,70.000,23.864,1.200,disconnected,2
relay_failure,0.2500,1,2,37.736,1,0,-73.096,21.904,0.500,16.302,7.321,healthy,2
relay_failure,0.2500,1,3,72.111,1,0,-80.844,14.156,11.094,23.864,1.200,degraded,2
relay_failure,0.2500,1,4,60.000,1,0,-78.688,16.312,6.474,21.200,2.200,degraded,2
relay_failure,0.2500,2,3,34.409,0,0,-95.000,0.000,70.000,15.570,8.086,disconnected,2
relay_failure,0.2500,2,4,34.409,0,0,-95.000,0.000,70.000,15.570,8.086,disconnected,2
relay_failure,0.2500,3,4,40.000,0,0,-95.000,0.000,70.000,16.800,6.800,disconnected,2
relay_failure,0.5000,0,1,40.000,1,0,-73.933,21.067,0.500,16.800,6.800,healthy,2
relay_failure,0.5000,0,2,39.446,1,0,-73.320,21.680,0.500,16.678,6.927,healthy,2
relay_failure,0.5000,0,3,60.000,1,0,-78.688,16.312,6.474,21.200,2.200,degraded,2
relay_failure,0.5000,0,4,72.111,1,0,-80.844,14.156,11.094,23.864,1.200,degraded,2
relay_failure,0.5000,1,2,39.446,1,0,-73.278,21.722,0.500,16.678,6.927,healthy,2
relay_failure,0.5000,1,3,72.111,1,0,-80.844,14.156,11.094,23.864,1.200,degraded,2
relay_failure,0.5000,1,4,60.000,1,0,-78.688,16.312,6.474,21.200,2.200,degraded,2
relay_failure,0.5000,2,3,32.802,1,0,-71.891,23.109,0.500,15.217,8.455,healthy,2
relay_failure,0.5000,2,4,32.802,1,0,-72.019,22.981,0.500,15.217,8.455,healthy,2
relay_failure,0.5000,3,4,40.000,1,0,-73.933,21.067,0.500,16.800,6.800,healthy,2
relay_failure,0.7500,0,1,40.000,0,0,-95.000,0.000,70.000,16.800,6.800,disconnected,2
relay_failure,0.7500,0,2,41.183,0,0,-95.000,0.000,70.000,17.060,6.528,disconnected,2
relay_failure,0.7500,0,3,60.000,0,0,-95.000,0.000,70.000,21.200,2.200,disconnected,2
relay_failure,0.7500,0,4,72.111,0,0,-95.000,0.000,70.000,23.864,1.200,disconnected,2
relay_failure,0.7500,1,2,41.183,0,0,-95.000,0.000,70.000,17.060,6.528,disconnected,2
relay_failure,0.7500,1,3,72.111,0,0,-95.000,0.000,70.000,23.864,1.200,disconnected,2
relay_failure,0.7500,1,4,60.000,0,0,-95.000,0.000,70.000,21.200,2.200,disconnected,2
relay_failure,0.7500,2,3,31.241,0,0,-95.000,0.000,70.000,14.873,8.815,disconnected,2
relay_failure,0.7500,2,4,31.241,0,0,-95.000,0.000,70.000,14.873,8.815,disconnected,2
relay_failure,0.7500,3,4,40.000,0,0,-95.000,0.000,70.000,16.800,6.800,disconnected,2
relay_failure,1.0000,0,1,40.000,0,0,-95.000,0.000,70.000,16.800,6.800,disconnected,2
relay_failure,1.0000,0,2,42.942,0,0,-95.000,0.000,70.000,17.447,6.123,disconnected,2
relay_failure,1.0000,0,3,60.000,0,0,-95.000,0.000,70.000,21.200,2.200,disconnected,2
relay_failure,1.0000,0,4,72.111,0,0,-95.000,0.000,70.000,23.864,1.200,disconnected,2
relay_failure,1.0000,1,2,42.942,0,0,-95.000,0.000,70.000,17.447,6.123,disconnected,2
relay_failure,1.0000,1,3,72.111,0,0,-95.000,0.000,70.000,23.864,1.200,disconnected,2
relay_failure,1.0000,1,4,60.000,0,0,-95.000,0.000,70.000,21.200,2.200,disconnected,2
relay_failure,1.0000,2,3,29.732,0,0,-95.000,0.000,70.000,14.541,9.162,disconnected,2
relay_failure,1.0000,2,4,29.732,0,0,-95.000,0.000,70.000,14.541,9.162,disconnected,2
relay_failure,1.0000,3,4,40.000,0,0,-95.000,0.000,70.000,16.800,6.800,disconnected,2
relay_failure,1.2500,0,1,40.000,0,0,-95.000,0.000,70.000,16.800,6.800,disconnected,2
relay_failure,1.2500,0,2,44.721,0,0,-95.000,0.000,70.000,17.839,5.714,disconnected,2
relay_failure,1.2500,0,3,60.000,0,0,-95.000,0.000,70.000,21.200,2.200,disconnected,2
relay_failure,1.2500,0,4,72.111,0,0,-95.000,0.000,70.000,23.864,1.200,disconnected,2
relay_failure,1.2500,1,2,44.721,0,0,-95.000,0.000,70.000,17.839,5.714,disconnected,2
relay_failure,1.2500,1,3,72.111,0,0,-95.000,0.000,70.000,23.864,1.200,disconnected,2
relay_failure,1.2500,1,4,60.000,0,0,-95.000,0.000,70.000,21.200,2.200,disconnected,2
relay_failure,1.2500,2,3,28.284,0,0,-95.000,0.000,70.000,14.223,9.495,disconnected,2
relay_failure,1.2500,2,4,28.284,0,0,-95.000,0.000,70.000,14.223,9.495,disconnected,2
relay_failure,1.2500,3,4,40.000,0,0,-95.000,0.000,70.000,16.800,6.800,disconnected,2
relay_failure,1.5000,0,1,40.000,0,0,-95.000,0.000,70.000,16.800,6.800,disconnected,2
relay_failure,1.5000,0,2,46.519,0,0,-95.000,0.000,70.000,18.234,5.301,disconnected,2
relay_failure,1.5000,0,3,60.000,0,0,-95.000,0.000,70.000,21.200,2.200,disconnected,2
relay_failure,1.5000,0,4,72.111,0,0,-95.000,0.000,70.000,23.864,1.200,disconnected,2
relay_failure,1.5000,1,2,46.519,0,0,-95.000,0.000,70.000,18.234,5.301,disconnected,2
relay_failure,1.5000,1,3,72.111,0,0,-95.000,0.000,70.000,23.864,1.200,disconnected,2
relay_failure,1.5000,1,4,60.000,0,0,-95.000,0.000,70.000,21.200,2.200,disconnected,2
relay_failure,1.5000,2,3,26.907,0,0,-95.000,0.000,70.000,13.920,9.811,disconnected,2
relay_failure,1.5000,2,4,26.907,0,0,-95.000,0.000,70.000,13.920,9.811,disconnected,2
relay_failure,1.5000,3,4,40.000,0,0,-95.000,0.000,70.000,16.800,6.800,disconnected,2
relay_failure,1.7500,0,1,40.000,0,0,-95.000,0.000,70.000,16.800,6.800,disconnected,2
relay_failure,1.7500,0,2,48.332,0,0,-95.000,0.000,70.000,18.633,4.884,disconnected,2
relay_failure,1.7500,0,3,60.000,0,0,-95.000,0.000,70.000,21.200,2.200,disconnected,2
relay_failure,1.7500,0,4,72.111,0,0,-95.000,0.000,70.000,23.864,1.200,disconnected,2
relay_failure,1.7500,1,2,48.332,0,0,-95.000,0.000,70.000,18.633,4.884,disconnected,2
relay_failure,1.7500,1,3,72.111,0,0,-95.000,0.000,70.000,23.864,1.200,disconnected,2
relay_failure,1.7500,1,4,60.000,0,0,-95.000,0.000,70.000,21.200,2.200,disconnected,2
relay_failure,1.7500,2,3,25.612,0,0,-95.000,0.000,70.000,13.635,10.109,disconnected,2
relay_failure,1.7500,2,4,25.612,0,0,-95.000,0.000,70.000,13.635,10.109,disconnected,2
relay_failure,1.7500,3,4,40.000,0,0,-95.000,0.000,70.000,16.800,6.800,disconnected,2
relay_failure,2.0000,0,1,40.000,0,0,-95.000,0.000,70.000,16.800,6.800,disconnected,2
relay_failure,2.0000,0,2,50.160,0,0,-95.000,0.000,70.000,19.035,4.463,disconnected,2
relay_failure,2.0000,0,3,60.000,0,0,-95.000,0.000,70.000,21.200,2.200,disconnected,2
relay_failure,2.0000,0,4,72.111,0,0,-95.000,0.000,70.000,23.864,1.200,disconnected,2
relay_failure,2.0000,1,2,50.160,0,0,-95.000,0.000,70.000,19.035,4.463,disconnected,2
relay_failure,2.0000,1,3,72.111,0,0,-95.000,0.000,70.000,23.864,1.200,disconnected,2
relay_failure,2.0000,1,4,60.000,0,0,-95.000,0.000,70.000,21.200,2.200,disconnected,2
relay_failure,2.0000,2,3,24.413,0,0,-95.000,0.000,70.000,13.371,10.385,disconnected,2
relay_failure,2.0000,2,4,24.413,0,0,-95.000,0.000,70.000,13.371,10.385,disconnected,2
relay_failure,2.0000,3,4,40.000,0,0,-95.000,0.000,70.000,16.800,6.800,disconnected,2
relay_failure,2.2500,0,1,40.000,1,0,-73.933,21.067,0.500,16.800,6.800,healthy,2
relay_failure,2.2500,0,2,52.000,1,0,-76.852,18.148,0.926,19.440,4.040,healthy,2
relay_failure,2.2500,0,3,60.000,0,0,-95.000,0.000,70.000,21.200,2.200,disconnected,2
relay_failure,2.2500,0,4,72.111,1,0,-80.844,14.156,11.094,23.864,1.200,degraded,2
relay_failure,2.2500,1,2,52.000,1,0,-76.839,18.161,0.919,19.440,4.040,healthy,2
relay_failure,2.2500,1,3,72.111,1,0,-80.844,14.156,11.094,23.864,1.200,degraded,2
relay_failure,2.2500,1,4,60.000,1,0,-78.688,16.312,6.474,21.200,2.200,degraded,2
relay_failure,2.2500,2,3,23.324,1,0,-67.807,27.193,0.500,13.131,10.636,healthy,2
relay_failure,2.2500,2,4,23.324,1,0,-67.942,27.058,0.500,13.131,10.636,healthy,2
relay_failure,2.2500,3,4,40.000,1,0,-73.933,21.067,0.500,16.800,6.800,healthy,2
relay_failure,2.5000,0,1,40.000,1,0,-73.933,21.067,0.500,16.800,6.800,healthy,2
relay_failure,2.5000,0,2,53.852,1,0,-77.262,17.738,1.131,19.847,3.614,healthy,2
relay_failure,2.5000,0,3,60.000,1,0,-78.688,16.312,6.474,21.200,2.200,degraded,2
relay_failure,2.5000,0,4,72.111,1,0,-80.844,14.156,11.094,23.864,1.200,degraded,2
relay_failure,2.5000,1,2,53.852,0,0,-95.000,0.000,70.000,19.847,3.614,disconnected,2
relay_failure,2.5000,1,3,72.111,1,0,-80.844,14.156,11.094,23.864,1.200,degraded,2
relay_failure,2.5000,1,4,60.000,0,0,-95.000,0.000,70.000,21.200,2.200,disconnected,2
relay_failure,2.5000,2,3,22.361,1,0,-67.308,27.692,0.500,12.919,10.857,healthy,2
relay_failure,2.5000,2,4,22.361,0,0,-95.000,0.000,70.000,12.919,10.857,disconnected,2
relay_failure,2.5000,3,4,40.000,1,0,-73.933,21.067,0.500,16.800,6.800,healthy,2
relay_failure,2.7500,0,1,40.000,0,0,-95.000,0.000,70.000,16.800,6.800,disconnected,2
relay_failure,2.7500,0,2,55.714,0,0,-95.000,0.000,70.000,20.257,3.186,disconnected,2
relay_failure,2.7500,0,3,60.000,0,0,-95.000,0.000,70.000,21.200,2.200,disconnected,2
relay_failure,2.7500,0,4,72.111,0,0,-95.000,0.000,70.000,23.864,1.200,disconnected,2
relay_failure,2.7500,1,2,55.714,0,0,-95.000,0.000,70.000,20.257,3.186,disconnected,2
relay_failure,2.7500,1,3,72.111,0,0,-95.000,0.000,70.000,23.864,1.200,disconnected,2
relay_failure,2.7500,1,4,60.000,0,0,-95.000,0.000,70.000,21.200,2.200,disconnected,2
relay_failure,2.7500,2,3,21.541,0,0,-95.000,0.000,70.000,12.739,11.046,disconnected,2
relay_failure,2.7500,2,4,21.541,0,0,-95.000,0.000,70.000,12.739,11.046,disconnected,2
relay_failure,2.7500,3,4,40.000,0,0,-95.000,0.000,70.000,16.800,6.800,disconnected,2
relay_failure,3.0000,0,1,40.000,0,0,-95.000,0.000,70.000,16.800,6.800,disconnected,2
relay_failure,3.0000,0,2,57.585,0,0,-95.000,0.000,70.000,20.669,2.756,disconnected,2
relay_failure,3.0000,0,3,60.000,0,0,-95.000,0.000,70.000,21.200,2.200,disconnected,2
relay_failure,3.0000,0,4,72.111,0,0,-95.000,0.000,70.000,23.864,1.200,disconnected,2
relay_failure,3.0000,1,2,57.585,0,0,-95.000,0.000,70.000,20.669,2.756,disconnected,2
relay_failure,3.0000,1,3,72.111,0,0,-95.000,0.000,70.000,23.864,1.200,disconnected,2
relay_failure,3.0000,1,4,60.000,0,0,-95.000,0.000,70.000,21.200,2.200,disconnected,2
relay_failure,3.0000,2,3,20.881,0,0,-95.000,0.000,70.000,12.594,11.197,disconnected,2
relay_failure,3.0000,2,4,20.881,0,0,-95.000,0.000,70.000,12.594,11.197,disconnected,2
relay_failure,3.0000,3,4,40.000,0,0,-95.000,0.000,70.000,16.800,6.800,disconnected,2
relay_failure,3.2500,0,1,40.000,0,0,-95.000,0.000,70.000,16.800,6.800,disconnected,2
relay_failure,3.2500,0,2,59.464,0,0,-95.000,0.000,70.000,21.082,2.323,disconnected,2
relay_failure,3.2500,0,3,60.000,0,0,-95.000,0.000,70.000,21.200,2.200,disconnected,2
relay_failure,3.2500,0,4,72.111,0,0,-95.000,0.000,70.000,23.864,1.200,disconnected,2
relay_failure,3.2500,1,2,59.464,0,0,-95.000,0.000,70.000,21.082,2.323,disconnected,2
relay_failure,3.2500,1,3,72.111,0,0,-95.000,0.000,70.000,23.864,1.200,disconnected,2
relay_failure,3.2500,1,4,60.000,0,0,-95.000,0.000,70.000,21.200,2.200,disconnected,2
relay_failure,3.2500,2,3,20.396,0,0,-95.000,0.000,70.000,12.487,11.309,disconnected,2
relay_failure,3.2500,2,4,20.396,0,0,-95.000,0.000,70.000,12.487,11.309,disconnected,2
relay_failure,3.2500,3,4,40.000,0,0,-95.000,0.000,70.000,16.800,6.800,disconnected,2
relay_failure,3.5000,0,1,40.000,0,0,-95.000,0.000,70.000,16.800,6.800,disconnected,2
relay_failure,3.5000,0,2,61.351,0,0,-95.000,0.000,70.000,21.497,1.889,disconnected,2
relay_failure,3.5000,0,3,60.000,0,0,-95.000,0.000,70.000,21.200,2.200,disconnected,2
relay_failure,3.5000,0,4,72.111,0,0,-95.000,0.000,70.000,23.864,1.200,disconnected,2
relay_failure,3.5000,1,2,61.351,0,0,-95.000,0.000,70.000,21.497,1.889,disconnected,2
relay_failure,3.5000,1,3,72.111,0,0,-95.000,0.000,70.000,23.864,1.200,disconnected,2
relay_failure,3.5000,1,4,60.000,0,0,-95.000,0.000,70.000,21.200,2.200,disconnected,2
relay_failure,3.5000,2,3,20.100,0,0,-95.000,0.000,70.000,12.422,11.377,disconnected,2
relay_failure,3.5000,2,4,20.100,0,0,-95.000,0.000,70.000,12.422,11.377,disconnected,2
relay_failure,3.5000,3,4,40.000,0,0,-95.000,0.000,70.000,16.800,6.800,disconnected,2
relay_failure,3.7500,0,1,40.000,0,0,-95.000,0.000,70.000,16.800,6.800,disconnected,2
relay_failure,3.7500,0,2,63.246,0,0,-95.000,0.000,70.000,21.914,1.454,disconnected,2
relay_failure,3.7500,0,3,60.000,0,0,-95.000,0.000,70.000,21.200,2.200,disconnected,2
relay_failure,3.7500,0,4,72.111,0,0,-95.000,0.000,70.000,23.864,1.200,disconnected,2
relay_failure,3.7500,1,2,63.246,0,0,-95.000,0.000,70.000,21.914,1.454,disconnected,2
relay_failure,3.7500,1,3,72.111,0,0,-95.000,0.000,70.000,23.864,1.200,disconnected,2
relay_failure,3.7500,1,4,60.000,0,0,-95.000,0.000,70.000,21.200,2.200,disconnected,2
relay_failure,3.7500,2,3,20.000,0,0,-95.000,0.000,70.000,12.400,11.400,disconnected,2
relay_failure,3.7500,2,4,20.000,0,0,-95.000,0.000,70.000,12.400,11.400,disconnected,2
relay_failure,3.7500,3,4,40.000,0,0,-95.000,0.000,70.000,16.800,6.800,disconnected,2
relay_failure,4.0000,0,1,40.000,0,0,-95.000,0.000,70.000,16.800,6.800,disconnected,2
relay_failure,4.0000,0,2,65.146,0,0,-95.000,0.000,70.000,22.332,1.200,disconnected,2
relay_failure,4.0000,0,3,60.000,0,0,-95.000,0.000,70.000,21.200,2.200,disconnected,2
relay_failure,4.0000,0,4,72.111,0,0,-95.000,0.000,70.000,23.864,1.200,disconnected,2
relay_failure,4.0000,1,2,65.146,0,0,-95.000,0.000,70.000,22.332,1.200,disconnected,2
relay_failure,4.0000,1,3,72.111,0,0,-95.000,0.000,70.000,23.864,1.200,disconnected,2
relay_failure,4.0000,1,4,60.000,0,0,-95.000,0.000,70.000,21.200,2.200,disconnected,2
relay_failure,4.0000,2,3,20.100,0,0,-95.000,0.000,70.000,12.422,11.377,disconnected,2
relay_failure,4.0000,2,4,20.100,0,0,-95.000,0.000,70.000,12.422,11.377,disconnected,2
relay_failure,4.0000,3,4,40.000,0,0,-95.000,0.000,70.000,16.800,6.800,disconnected,2
relay_failure,4.2500,0,1,40.000,1,0,-73.933,21.067,0.500,16.800,6.800,healthy,2
relay_failure,4.2500,0,2,67.052,0,0,-95.000,0.000,70.000,22.751,1.200,disconnected,2
relay_failure,4.2500,0,3,60.000,0,0,-95.000,0.000,70.000,21.200,2.200,disconnected,2
relay_failure,4.2500,0,4,72.111,1,0,-80.844,14.156,11.094,23.864,1.200,degraded,2
relay_failure,4.2500,1,2,67.052,1,0,-79.984,15.016,9.251,22.751,1.200,degraded,2
relay_failure,4.2500,1,3,72.111,1,0,-80.844,14.156,11.094,23.864,1.200,degraded,2
relay_failure,4.2500,1,4,60.000,1,0,-78.688,16.312,6.474,21.200,2.200,degraded,2
relay_failure,4.2500,2,3,20.396,0,0,-95.000,0.000,70.000,12.487,11.309,disconnected,2
relay_failure,4.2500,2,4,20.396,1,0,-66.000,29.000,0.500,12.487,11.309,healthy,2
relay_failure,4.2500,3,4,40.000,1,0,-73.933,21.067,0.500,16.800,6.800,healthy,2
relay_failure,4.5000,0,1,40.000,1,0,-73.933,21.067,0.500,16.800,6.800,healthy,2
relay_failure,4.5000,0,2,68.964,1,0,-80.191,14.809,9.695,23.172,1.200,degraded,2
relay_failure,4.5000,0,3,60.000,1,0,-78.688,16.312,6.474,21.200,2.200,degraded,2
relay_failure,4.5000,0,4,72.111,1,0,-80.844,14.156,11.094,23.864,1.200,degraded,2
relay_failure,4.5000,1,2,68.964,1,0,-80.265,14.735,9.853,23.172,1.200,degraded,2
relay_failure,4.5000,1,3,72.111,1,0,-80.844,14.156,11.094,23.864,1.200,degraded,2
relay_failure,4.5000,1,4,60.000,0,0,-95.000,0.000,70.000,21.200,2.200,disconnected,2
relay_failure,4.5000,2,3,20.881,1,0,-66.219,28.781,0.500,12.594,11.197,healthy,2
relay_failure,4.5000,2,4,20.881,1,0,-66.257,28.743,0.500,12.594,11.197,healthy,2
relay_failure,4.5000,3,4,40.000,1,0,-73.933,21.067,0.500,16.800,6.800,healthy,2
relay_failure,4.7500,0,1,40.000,0,0,-95.000,0.000,70.000,16.800,6.800,disconnected,2
relay_failure,4.7500,0,2,70.880,0,0,-95.000,0.000,70.000,23.594,1.200,disconnected,2
relay_failure,4.7500,0,3,60.000,0,0,-95.000,0.000,70.000,21.200,2.200,disconnected,2
relay_failure,4.7500,0,4,72.111,0,0,-95.000,0.000,70.000,23.864,1.200,disconnected,2
relay_failure,4.7500,1,2,70.880,0,0,-95.000,0.000,70.000,23.594,1.200,disconnected,2
relay_failure,4.7500,1,3,72.111,0,0,-95.000,0.000,70.000,23.864,1.200,disconnected,2
relay_failure,4.7500,1,4,60.000,0,0,-95.000,0.000,70.000,21.200,2.200,disconnected,2
relay_failure,4.7500,2,3,21.541,0,0,-95.000,0.000,70.000,12.739,11.046,disconnected,2
relay_failure,4.7500,2,4,21.541,0,0,-95.000,0.000,70.000,12.739,11.046,disconnected,2
relay_failure,4.7500,3,4,40.000,0,0,-95.000,0.000,70.000,16.800,6.800,disconnected,2
relay_failure,5.0000,0,1,40.000,0,0,-95.000,0.000,70.000,16.800,6.800,disconnected,2
relay_failure,5.0000,0,2,72.801,0,0,-95.000,0.000,70.000,24.016,1.200,disconnected,2
relay_failure,5.0000,0,3,60.000,0,0,-95.000,0.000,70.000,21.200,2.200,disconnected,2
relay_failure,5.0000,0,4,72.111,0,0,-95.000,0.000,70.000,23.864,1.200,disconnected,2
relay_failure,5.0000,1,2,72.801,0,0,-95.000,0.000,70.000,24.016,1.200,disconnected,2
relay_failure,5.0000,1,3,72.111,0,0,-95.000,0.000,70.000,23.864,1.200,disconnected,2
relay_failure,5.0000,1,4,60.000,0,0,-95.000,0.000,70.000,21.200,2.200,disconnected,2
relay_failure,5.0000,2,3,22.361,0,0,-95.000,0.000,70.000,12.919,10.857,disconnected,2
relay_failure,5.0000,2,4,22.361,0,0,-95.000,0.000,70.000,12.919,10.857,disconnected,2
relay_failure,5.0000,3,4,40.000,0,0,-95.000,0.000,70.000,16.800,6.800,disconnected,2
relay_failure,5.2500,0,1,40.000,0,0,-95.000,0.000,70.000,16.800,6.800,disconnected,2
relay_failure,5.2500,0,2,74.726,0,0,-95.000,0.000,70.000,24.440,1.200,disconnected,2
relay_failure,5.2500,0,3,60.000,0,0,-95.000,0.000,70.000,21.200,2.200,disconnected,2
relay_failure,5.2500,0,4,72.111,0,0,-95.000,0.000,70.000,23.864,1.200,disconnected,2
relay_failure,5.2500,1,2,74.726,0,0,-95.000,0.000,70.000,24.440,1.200,disconnected,2
relay_failure,5.2500,1,3,72.111,0,0,-95.000,0.000,70.000,23.864,1.200,disconnected,2
relay_failure,5.2500,1,4,60.000,0,0,-95.000,0.000,70.000,21.200,2.200,disconnected,2
relay_failure,5.2500,2,3,23.324,0,0,-95.000,0.000,70.000,13.131,10.636,disconnected,2
relay_failure,5.2500,2,4,23.324,0,0,-95.000,0.000,70.000,13.131,10.636,disconnected,2
relay_failure,5.2500,3,4,40.000,0,0,-95.000,0.000,70.000,16.800,6.800,disconnected,2
relay_failure,5.5000,0,1,40.000,0,0,-95.000,0.000,70.000,16.800,6.800,disconnected,2
relay_failure,5.5000,0,2,76.655,0,0,-95.000,0.000,70.000,24.864,1.200,disconnected,2
relay_failure,5.5000,0,3,60.000,0,0,-95.000,0.000,70.000,21.200,2.200,disconnected,2
relay_failure,5.5000,0,4,72.111,0,0,-95.000,0.000,70.000,23.864,1.200,disconnected,2
relay_failure,5.5000,1,2,76.655,0,0,-95.000,0.000,70.000,24.864,1.200,disconnected,2
relay_failure,5.5000,1,3,72.111,0,0,-95.000,0.000,70.000,23.864,1.200,disconnected,2
relay_failure,5.5000,1,4,60.000,0,0,-95.000,0.000,70.000,21.200,2.200,disconnected,2
relay_failure,5.5000,2,3,24.413,0,0,-95.000,0.000,70.000,13.371,10.385,disconnected,2
relay_failure,5.5000,2,4,24.413,0,0,-95.000,0.000,70.000,13.371,10.385,disconnected,2
relay_failure,5.5000,3,4,40.000,0,0,-95.000,0.000,70.000,16.800,6.800,disconnected,2
relay_failure,5.7500,0,1,40.000,0,0,-95.000,0.000,70.000,16.800,6.800,disconnected,2
relay_failure,5.7500,0,2,78.588,0,0,-95.000,0.000,70.000,25.289,1.200,disconnected,2
relay_failure,5.7500,0,3,60.000,0,0,-95.000,0.000,70.000,21.200,2.200,disconnected,2
relay_failure,5.7500,0,4,72.111,0,0,-95.000,0.000,70.000,23.864,1.200,disconnected,2
relay_failure,5.7500,1,2,78.588,0,0,-95.000,0.000,70.000,25.289,1.200,disconnected,2
relay_failure,5.7500,1,3,72.111,0,0,-95.000,0.000,70.000,23.864,1.200,disconnected,2
relay_failure,5.7500,1,4,60.000,0,0,-95.000,0.000,70.000,21.200,2.200,disconnected,2
relay_failure,5.7500,2,3,25.612,0,0,-95.000,0.000,70.000,13.635,10.109,disconnected,2
relay_failure,5.7500,2,4,25.612,0,0,-95.000,0.000,70.000,13.635,10.109,disconnected,2
relay_failure,5.7500,3,4,40.000,0,0,-95.000,0.000,70.000,16.800,6.800,disconnected,2
relay_failure,6.0000,0,1,40.000,0,0,-95.000,0.000,70.000,16.800,6.800,disconnected,2
relay_failure,6.0000,0,2,80.523,0,0,-95.000,0.000,70.000,25.715,1.200,disconnected,2
relay_failure,6.0000,0,3,60.000,0,0,-95.000,0.000,70.000,21.200,2.200,disconnected,2
relay_failure,6.0000,0,4,72.111,0,0,-95.000,0.000,70.000,23.864,1.200,disconnected,2
relay_failure,6.0000,1,2,80.523,0,0,-95.000,0.000,70.000,25.715,1.200,disconnected,2
relay_failure,6.0000,1,3,72.111,0,0,-95.000,0.000,70.000,23.864,1.200,disconnected,2
relay_failure,6.0000,1,4,60.000,0,0,-95.000,0.000,70.000,21.200,2.200,disconnected,2
relay_failure,6.0000,2,3,26.907,0,0,-95.000,0.000,70.000,13.920,9.811,disconnected,2
relay_failure,6.0000,2,4,26.907,0,0,-95.000,0.000,70.000,13.920,9.811,disconnected,2
relay_failure,6.0000,3,4,40.000,0,0,-95.000,0.000,70.000,16.800,6.800,disconnected,2
relay_failure,6.2500,0,1,40.000,0,0,-95.000,0.000,70.000,16.800,6.800,disconnected,2
relay_failure,6.2500,0,2,82.462,0,0,-95.000,0.000,70.000,26.142,1.200,disconnected,2
relay_failure,6.2500,0,3,60.000,1,0,-78.688,16.312,6.474,21.200,2.200,degraded,2
relay_failure,6.2500,0,4,72.111,1,0,-80.844,14.156,11.094,23.864,1.200,degraded,2
relay_failure,6.2500,1,2,82.462,0,0,-95.000,0.000,70.000,26.142,1.200,disconnected,2
relay_failure,6.2500,1,3,72.111,1,0,-80.844,14.156,11.094,23.864,1.200,degraded,2
relay_failure,6.2500,1,4,60.000,1,0,-78.688,16.312,6.474,21.200,2.200,degraded,2
relay_failure,6.2500,2,3,28.284,1,0,-69.791,25.209,0.500,14.223,9.495,healthy,2
relay_failure,6.2500,2,4,28.284,1,0,-69.378,25.622,0.500,14.223,9.495,healthy,2
relay_failure,6.2500,3,4,40.000,1,0,-73.933,21.067,0.500,16.800,6.800,healthy,2
relay_failure,6.5000,0,1,40.000,1,0,-73.933,21.067,0.500,16.800,6.800,healthy,2
relay_failure,6.5000,0,2,84.404,0,0,-95.000,0.000,70.000,26.569,1.200,disconnected,2
relay_failure,6.5000,0,3,60.000,1,0,-78.688,16.312,6.474,21.200,2.200,degraded,2
relay_failure,6.5000,0,4,72.111,1,0,-80.844,14.156,11.094,23.864,1.200,degraded,2
relay_failure,6.5000,1,2,84.404,0,0,-95.000,0.000,70.000,26.569,1.200,disconnected,2
relay_failure,6.5000,1,3,72.111,1,0,-80.844,14.156,11.094,23.864,1.200,degraded,2
relay_failure,6.5000,1,4,60.000,1,0,-78.688,16.312,6.474,21.200,2.200,degraded,2
relay_failure,6.5000,2,3,29.732,1,0,-70.046,24.954,0.500,14.541,9.162,healthy,2
relay_failure,6.5000,2,4,29.732,1,0,-70.046,24.954,0.500,14.541,9.162,healthy,2
relay_failure,6.5000,3,4,40.000,0,0,-95.000,0.000,70.000,16.800,6.800,disconnected,2
relay_failure,6.7500,0,1,40.000,0,0,-95.000,0.000,70.000,16.800,6.800,disconnected,2
relay_failure,6.7500,0,2,86.348,0,0,-95.000,0.000,70.000,26.997,1.200,disconnected,2
relay_failure,6.7500,0,3,60.000,0,0,-95.000,0.000,70.000,21.200,2.200,disconnected,2
relay_failure,6.7500,0,4,72.111,0,0,-95.000,0.000,70.000,23.864,1.200,disconnected,2
relay_failure,6.7500,1,2,86.348,0,0,-95.000,0.000,70.000,26.997,1.200,disconnected,2
relay_failure,6.7500,1,3,72.111,0,0,-95.000,0.000,70.000,23.864,1.200,disconnected,2
relay_failure,6.7500,1,4,60.000,0,0,-95.000,0.000,70.000,21.200,2.200,disconnected,2
relay_failure,6.7500,2,3,31.241,0,0,-95.000,0.000,70.000,14.873,8.815,disconnected,2
relay_failure,6.7500,2,4,31.241,0,0,-95.000,0.000,70.000,14.873,8.815,disconnected,2
relay_failure,6.7500,3,4,40.000,0,0,-95.000,0.000,70.000,16.800,6.800,disconnected,2
relay_failure,7.0000,0,1,40.000,0,0,-95.000,0.000,70.000,16.800,6.800,disconnected,2
relay_failure,7.0000,0,2,88.295,0,0,-95.000,0.000,70.000,27.425,1.200,disconnected,2
relay_failure,7.0000,0,3,60.000,0,0,-95.000,0.000,70.000,21.200,2.200,disconnected,2
relay_failure,7.0000,0,4,72.111,0,0,-95.000,0.000,70.000,23.864,1.200,disconnected,2
relay_failure,7.0000,1,2,88.295,0,0,-95.000,0.000,70.000,27.425,1.200,disconnected,2
relay_failure,7.0000,1,3,72.111,0,0,-95.000,0.000,70.000,23.864,1.200,disconnected,2
relay_failure,7.0000,1,4,60.000,0,0,-95.000,0.000,70.000,21.200,2.200,disconnected,2
relay_failure,7.0000,2,3,32.802,0,0,-95.000,0.000,70.000,15.217,8.455,disconnected,2
relay_failure,7.0000,2,4,32.802,0,0,-95.000,0.000,70.000,15.217,8.455,disconnected,2
relay_failure,7.0000,3,4,40.000,0,0,-95.000,0.000,70.000,16.800,6.800,disconnected,2
relay_failure,7.2500,0,1,40.000,0,0,-95.000,0.000,70.000,16.800,6.800,disconnected,2
relay_failure,7.2500,0,2,90.244,0,0,-95.000,0.000,70.000,27.854,1.200,disconnected,2
relay_failure,7.2500,0,3,60.000,0,0,-95.000,0.000,70.000,21.200,2.200,disconnected,2
relay_failure,7.2500,0,4,72.111,0,0,-95.000,0.000,70.000,23.864,1.200,disconnected,2
relay_failure,7.2500,1,2,90.244,0,0,-95.000,0.000,70.000,27.854,1.200,disconnected,2
relay_failure,7.2500,1,3,72.111,0,0,-95.000,0.000,70.000,23.864,1.200,disconnected,2
relay_failure,7.2500,1,4,60.000,0,0,-95.000,0.000,70.000,21.200,2.200,disconnected,2
relay_failure,7.2500,2,3,34.409,0,0,-95.000,0.000,70.000,15.570,8.086,disconnected,2
relay_failure,7.2500,2,4,34.409,0,0,-95.000,0.000,70.000,15.570,8.086,disconnected,2
relay_failure,7.2500,3,4,40.000,0,0,-95.000,0.000,70.000,16.800,6.800,disconnected,2
relay_failure,7.5000,0,1,40.000,0,0,-95.000,0.000,70.000,16.800,6.800,disconnected,2
relay_failure,7.5000,0,2,92.195,0,0,-95.000,0.000,70.000,28.283,1.200,disconnected,2
relay_failure,7.5000,0,3,60.000,0,0,-95.000,0.000,70.000,21.200,2.200,disconnected,2
relay_failure,7.5000,0,4,72.111,0,0,-95.000,0.000,70.000,23.864,1.200,disconnected,2
relay_failure,7.5000,1,2,92.195,0,0,-95.000,0.000,70.000,28.283,1.200,disconnected,2
relay_failure,7.5000,1,3,72.111,0,0,-95.000,0.000,70.000,23.864,1.200,disconnected,2
relay_failure,7.5000,1,4,60.000,0,0,-95.000,0.000,70.000,21.200,2.200,disconnected,2
relay_failure,7.5000,2,3,36.056,0,0,-95.000,0.000,70.000,15.932,7.707,disconnected,2
relay_failure,7.5000,2,4,36.056,0,0,-95.000,0.000,70.000,15.932,7.707,disconnected,2
relay_failure,7.5000,3,4,40.000,0,0,-95.000,0.000,70.000,16.800,6.800,disconnected,2
relay_failure,7.7500,0,1,40.000,0,0,-95.000,0.000,70.000,16.800,6.800,disconnected,2
relay_failure,7.7500,0,2,94.149,0,0,-95.000,0.000,70.000,28.713,1.200,disconnected,2
relay_failure,7.7500,0,3,60.000,0,0,-95.000,0.000,70.000,21.200,2.200,disconnected,2
relay_failure,7.7500,0,4,72.111,0,0,-95.000,0.000,70.000,23.864,1.200,disconnected,2
relay_failure,7.7500,1,2,94.149,0,0,-95.000,0.000,70.000,28.713,1.200,disconnected,2
relay_failure,7.7500,1,3,72.111,0,0,-95.000,0.000,70.000,23.864,1.200,disconnected,2
relay_failure,7.7500,1,4,60.000,0,0,-95.000,0.000,70.000,21.200,2.200,disconnected,2
relay_failure,7.7500,2,3,37.736,0,0,-95.000,0.000,70.000,16.302,7.321,disconnected,2
relay_failure,7.7500,2,4,37.736,0,0,-95.000,0.000,70.000,16.302,7.321,disconnected,2
relay_failure,7.7500,3,4,40.000,0,0,-95.000,0.000,70.000,16.800,6.800,disconnected,2
relay_failure,8.0000,0,1,40.000,0,0,-95.000,0.000,70.000,16.800,6.800,disconnected,2
relay_failure,8.0000,0,2,96.104,0,0,-95.000,0.000,70.000,29.143,1.200,disconnected,2
relay_failure,8.0000,0,3,60.000,0,0,-95.000,0.000,70.000,21.200,2.200,disconnected,2
relay_failure,8.0000,0,4,72.111,0,0,-95.000,0.000,70.000,23.864,1.200,disconnected,2
relay_failure,8.0000,1,2,96.104,0,0,-95.000,0.000,70.000,29.143,1.200,disconnected,2
relay_failure,8.0000,1,3,72.111,0,0,-95.000,0.000,70.000,23.864,1.200,disconnected,2
relay_failure,8.0000,1,4,60.000,0,0,-95.000,0.000,70.000,21.200,2.200,disconnected,2
relay_failure,8.0000,2,3,39.446,0,0,-95.000,0.000,70.000,16.678,6.927,disconnected,2
relay_failure,8.0000,2,4,39.446,0,0,-95.000,0.000,70.000,16.678,6.927,disconnected,2
relay_failure,8.0000,3,4,40.000,0,0,-95.000,0.000,70.000,16.800,6.800,disconnected,2
relay_failure,8.2500,0,1,40.000,0,0,-95.000,0.000,70.000,16.800,6.800,disconnected,2
relay_failure,8.2500,0,2,98.061,0,0,-95.000,0.000,70.000,29.573,1.200,disconnected,2
relay_failure,8.2500,0,3,60.000,0,0,-95.000,0.000,70.000,21.200,2.200,disconnected,2
relay_failure,8.2500,0,4,72.111,0,0,-95.000,0.000,70.000,23.864,1.200,disconnected,2
relay_failure,8.2500,1,2,98.061,0,0,-95.000,0.000,70.000,29.573,1.200,disconnected,2
relay_failure,8.2500,1,3,72.111,0,0,-95.000,0.000,70.000,23.864,1.200,disconnected,2
relay_failure,8.2500,1,4,60.000,0,0,-95.000,0.000,70.000,21.200,2.200,disconnected,2
relay_failure,8.2500,2,3,41.183,1,0,-74.095,20.905,0.500,17.060,6.528,healthy,2
relay_failure,8.2500,2,4,41.183,1,0,-74.095,20.905,0.500,17.060,6.528,healthy,2
relay_failure,8.2500,3,4,40.000,0,0,-95.000,0.000,70.000,16.800,6.800,disconnected,2
relay_failure,8.5000,0,1,40.000,1,0,-73.933,21.067,0.500,16.800,6.800,healthy,2
relay_failure,8.5000,0,2,100.020,0,0,-95.000,0.000,70.000,30.004,1.200,disconnected,2
relay_failure,8.5000,0,3,60.000,1,0,-78.688,16.312,6.474,21.200,2.200,degraded,2
relay_failure,8.5000,0,4,72.111,1,0,-80.844,14.156,11.094,23.864,1.200,degraded,2
relay_failure,8.5000,1,2,100.020,0,0,-95.000,0.000,70.000,30.004,1.200,disconnected,2
relay_failure,8.5000,1,3,72.111,1,0,-80.844,14.156,11.094,23.864,1.200,degraded,2
relay_failure,8.5000,1,4,60.000,1,0,-78.688,16.312,6.474,21.200,2.200,degraded,2
relay_failure,8.5000,2,3,42.942,1,0,-74.376,20.624,0.500,17.447,6.123,healthy,2
relay_failure,8.5000,2,4,42.942,1,0,-74.559,20.441,0.500,17.447,6.123,healthy,2
relay_failure,8.5000,3,4,40.000,1,0,-73.933,21.067,0.500,16.800,6.800,healthy,2
relay_failure,8.7500,0,1,40.000,0,0,-95.000,0.000,70.000,16.800,6.800,disconnected,2
relay_failure,8.7500,0,2,101.980,0,0,-95.000,0.000,70.000,30.436,1.200,disconnected,2
relay_failure,8.7500,0,3,60.000,0,0,-95.000,0.000,70.000,21.200,2.200,disconnected,2
relay_failure,8.7500,0,4,72.111,0,0,-95.000,0.000,70.000,23.864,1.200,disconnected,2
relay_failure,8.7500,1,2,101.980,0,0,-95.000,0.000,70.000,30.436,1.200,disconnected,2
relay_failure,8.7500,1,3,72.111,0,0,-95.000,0.000,70.000,23.864,1.200,disconnected,2
relay_failure,8.7500,1,4,60.000,0,0,-95.000,0.000,70.000,21.200,2.200,disconnected,2
relay_failure,8.7500,2,3,44.721,0,0,-95.000,0.000,70.000,17.839,5.714,disconnected,2
relay_failure,8.7500,2,4,44.721,0,0,-95.000,0.000,70.000,17.839,5.714,disconnected,2
relay_failure,8.7500,3,4,40.000,0,0,-95.000,0.000,70.000,16.800,6.800,disconnected,2
relay_failure,9.0000,0,1,40.000,0,0,-95.000,0.000,70.000,16.800,6.800,disconnected,2
relay_failure,9.0000,0,2,103.942,0,0,-95.000,0.000,70.000,30.867,1.200,disconnected,2
relay_failure,9.0000,0,3,60.000,0,0,-95.000,0.000,70.000,21.200,2.200,disconnected,2
relay_failure,9.0000,0,4,72.111,0,0,-95.000,0.000,70.000,23.864,1.200,disconnected,2
relay_failure,9.0000,1,2,103.942,0,0,-95.000,0.000,70.000,30.867,1.200,disconnected,2
relay_failure,9.0000,1,3,72.111,0,0,-95.000,0.000,70.000,23.864,1.200,disconnected,2
relay_failure,9.0000,1,4,60.000,0,0,-95.000,0.000,70.000,21.200,2.200,disconnected,2
relay_failure,9.0000,2,3,46.519,0,0,-95.000,0.000,70.000,18.234,5.301,disconnected,2
relay_failure,9.0000,2,4,46.519,0,0,-95.000,0.000,70.000,18.234,5.301,disconnected,2
relay_failure,9.0000,3,4,40.000,0,0,-95.000,0.000,70.000,16.800,6.800,disconnected,2
relay_failure,9.2500,0,1,40.000,0,0,-95.000,0.000,70.000,16.800,6.800,disconnected,2
relay_failure,9.2500,0,2,105.906,0,0,-95.000,0.000,70.000,31.299,1.200,disconnected,2
relay_failure,9.2500,0,3,60.000,0,0,-95.000,0.000,70.000,21.200,2.200,disconnected,2
relay_failure,9.2500,0,4,72.111,0,0,-95.000,0.000,70.000,23.864,1.200,disconnected,2
relay_failure,9.2500,1,2,105.906,0,0,-95.000,0.000,70.000,31.299,1.200,disconnected,2
relay_failure,9.2500,1,3,72.111,0,0,-95.000,0.000,70.000,23.864,1.200,disconnected,2
relay_failure,9.2500,1,4,60.000,0,0,-95.000,0.000,70.000,21.200,2.200,disconnected,2
relay_failure,9.2500,2,3,48.332,0,0,-95.000,0.000,70.000,18.633,4.884,disconnected,2
relay_failure,9.2500,2,4,48.332,0,0,-95.000,0.000,70.000,18.633,4.884,disconnected,2
relay_failure,9.2500,3,4,40.000,0,0,-95.000,0.000,70.000,16.800,6.800,disconnected,2
relay_failure,9.5000,0,1,40.000,0,0,-95.000,0.000,70.000,16.800,6.800,disconnected,2
relay_failure,9.5000,0,2,107.870,0,0,-95.000,0.000,70.000,31.731,1.200,disconnected,2
relay_failure,9.5000,0,3,60.000,0,0,-95.000,0.000,70.000,21.200,2.200,disconnected,2
relay_failure,9.5000,0,4,72.111,0,0,-95.000,0.000,70.000,23.864,1.200,disconnected,2
relay_failure,9.5000,1,2,107.870,0,0,-95.000,0.000,70.000,31.731,1.200,disconnected,2
relay_failure,9.5000,1,3,72.111,0,0,-95.000,0.000,70.000,23.864,1.200,disconnected,2
relay_failure,9.5000,1,4,60.000,0,0,-95.000,0.000,70.000,21.200,2.200,disconnected,2
relay_failure,9.5000,2,3,50.160,0,0,-95.000,0.000,70.000,19.035,4.463,disconnected,2
relay_failure,9.5000,2,4,50.160,0,0,-95.000,0.000,70.000,19.035,4.463,disconnected,2
relay_failure,9.5000,3,4,40.000,0,0,-95.000,0.000,70.000,16.800,6.800,disconnected,2
relay_failure,9.7500,0,1,40.000,0,0,-95.000,0.000,70.000,16.800,6.800,disconnected,2
relay_failure,9.7500,0,2,109.836,0,0,-95.000,0.000,70.000,32.164,1.200,disconnected,2
relay_failure,9.7500,0,3,60.000,0,0,-95.000,0.000,70.000,21.200,2.200,disconnected,2
relay_failure,9.7500,0,4,72.111,0,0,-95.000,0.000,70.000,23.864,1.200,disconnected,2
relay_failure,9.7500,1,2,109.836,0,0,-95.000,0.000,70.000,32.164,1.200,disconnected,2
relay_failure,9.7500,1,3,72.111,0,0,-95.000,0.000,70.000,23.864,1.200,disconnected,2
relay_failure,9.7500,1,4,60.000,0,0,-95.000,0.000,70.000,21.200,2.200,disconnected,2
relay_failure,9.7500,2,3,52.000,0,0,-95.000,0.000,70.000,19.440,4.040,disconnected,2
relay_failure,9.7500,2,4,52.000,0,0,-95.000,0.000,70.000,19.440,4.040,disconnected,2
relay_failure,9.7500,3,4,40.000,0,0,-95.000,0.000,70.000,16.800,6.800,disconnected,2
relay_failure,10.0000,0,1,40.000,0,0,-95.000,0.000,70.000,16.800,6.800,disconnected,2
relay_failure,10.0000,0,2,111.803,0,0,-95.000,0.000,70.000,32.597,1.200,disconnected,2
relay_failure,10.0000,0,3,60.000,0,0,-95.000,0.000,70.000,21.200,2.200,disconnected,2
relay_failure,10.0000,0,4,72.111,0,0,-95.000,0.000,70.000,23.864,1.200,disconnected,2
relay_failure,10.0000,1,2,111.803,0,0,-95.000,0.000,70.000,32.597,1.200,disconnected,2
relay_failure,10.0000,1,3,72.111,0,0,-95.000,0.000,70.000,23.864,1.200,disconnected,2
relay_failure,10.0000,1,4,60.000,0,0,-95.000,0.000,70.000,21.200,2.200,disconnected,2
relay_failure,10.0000,2,3,53.852,0,0,-95.000,0.000,70.000,19.847,3.614,disconnected,2
relay_failure,10.0000,2,4,53.852,0,0,-95.000,0.000,70.000,19.847,3.614,disconnected,2
relay_failure,10.0000,3,4,40.000,0,0,-95.000,0.000,70.000,16.800,6.800,disconnected,2
relay_failure,10.2500,0,1,40.000,1,0,-73.933,21.067,0.500,16.800,6.800,healthy,2
relay_failure,10.2500,0,2,113.772,0,0,-95.000,0.000,70.000,33.030,1.200,disconnected,2
relay_failure,10.2500,0,3,60.000,0,0,-95.000,0.000,70.000,21.200,2.200,disconnected,2
relay_failure,10.2500,0,4,72.111,0,0,-95.000,0.000,70.000,23.864,1.200,disconnected,2
relay_failure,10.2500,1,2,113.772,0,0,-95.000,0.000,70.000,33.030,1.200,disconnected,2
relay_failure,10.2500,1,3,72.111,1,0,-80.844,14.156,11.094,23.864,1.200,degraded,2
relay_failure,10.2500,1,4,60.000,1,0,-78.688,16.312,6.474,21.200,2.200,degraded,2
relay_failure,10.2500,2,3,55.714,0,0,-95.000,0.000,70.000,20.257,3.186,disconnected,2
relay_failure,10.2500,2,4,55.714,0,0,-95.000,0.000,70.000,20.257,3.186,disconnected,2
relay_failure,10.2500,3,4,40.000,0,0,-95.000,0.000,70.000,16.800,6.800,disconnected,2
relay_failure,10.5000,0,1,40.000,1,0,-73.933,21.067,0.500,16.800,6.800,healthy,2
relay_failure,10.5000,0,2,115.741,0,0,-95.000,0.000,70.000,33.463,1.200,disconnected,2
relay_failure,10.5000,0,3,60.000,1,0,-78.688,16.312,6.474,21.200,2.200,degraded,2
relay_failure,10.5000,0,4,72.111,1,0,-80.844,14.156,11.094,23.864,1.200,degraded,2
relay_failure,10.5000,1,2,115.741,0,0,-95.000,0.000,70.000,33.463,1.200,disconnected,2
relay_failure,10.5000,1,3,72.111,1,0,-80.844,14.156,11.094,23.864,1.200,degraded,2
relay_failure,10.5000,1,4,60.000,1,0,-78.688,16.312,6.474,21.200,2.200,degraded,2
relay_failure,10.5000,2,3,57.585,1,0,-78.157,16.843,5.336,20.669,2.756,degraded,2
relay_failure,10.5000,2,4,57.585,1,0,-78.076,16.924,5.162,20.669,2.756,degraded,2
relay_failure,10.5000,3,4,40.000,1,0,-73.933,21.067,0.500,16.800,6.800,healthy,2
relay_failure,10.7500,0,1,40.000,0,0,-95.000,0.000,70.000,16.800,6.800,disconnected,2
relay_failure,10.7500,0,2,117.712,0,0,-95.000,0.000,70.000,33.897,1.200,disconnected,2
relay_failure,10.7500,0,3,60.000,0,0,-95.000,0.000,70.000,21.200,2.200,disconnected,2
relay_failure,10.7500,0,4,72.111,0,0,-95.000,0.000,70.000,23.864,1.200,disconnected,2
relay_failure,10.7500,1,2,117.712,0,0,-95.000,0.000,70.000,33.897,1.200,disconnected,2
relay_failure,10.7500,1,3,72.111,0,0,-95.000,0.000,70.000,23.864,1.200,disconnected,2
relay_failure,10.7500,1,4,60.000,0,0,-95.000,0.000,70.000,21.200,2.200,disconnected,2
relay_failure,10.7500,2,3,59.464,0,0,-95.000,0.000,70.000,21.082,2.323,disconnected,2
relay_failure,10.7500,2,4,59.464,0,0,-95.000,0.000,70.000,21.082,2.323,disconnected,2
relay_failure,10.7500,3,4,40.000,0,0,-95.000,0.000,70.000,16.800,6.800,disconnected,2
relay_failure,11.0000,0,1,40.000,0,0,-95.000,0.000,70.000,16.800,6.800,disconnected,2
relay_failure,11.0000,0,2,119.683,0,0,-95.000,0.000,70.000,34.330,1.200,disconnected,2
relay_failure,11.0000,0,3,60.000,0,0,-95.000,0.000,70.000,21.200,2.200,disconnected,2
relay_failure,11.0000,0,4,72.111,0,0,-95.000,0.000,70.000,23.864,1.200,disconnected,2
relay_failure,11.0000,1,2,119.683,0,0,-95.000,0.000,70.000,34.330,1.200,disconnected,2
relay_failure,11.0000,1,3,72.111,0,0,-95.000,0.000,70.000,23.864,1.200,disconnected,2
relay_failure,11.0000,1,4,60.000,0,0,-95.000,0.000,70.000,21.200,2.200,disconnected,2
relay_failure,11.0000,2,3,61.351,0,0,-95.000,0.000,70.000,21.497,1.889,disconnected,2
relay_failure,11.0000,2,4,61.351,0,0,-95.000,0.000,70.000,21.497,1.889,disconnected,2
relay_failure,11.0000,3,4,40.000,0,0,-95.000,0.000,70.000,16.800,6.800,disconnected,2
relay_failure,11.2500,0,1,40.000,0,0,-95.000,0.000,70.000,16.800,6.800,disconnected,2
relay_failure,11.2500,0,2,121.655,0,0,-95.000,0.000,70.000,34.764,1.200,disconnected,2
relay_failure,11.2500,0,3,60.000,0,0,-95.000,0.000,70.000,21.200,2.200,disconnected,2
relay_failure,11.2500,0,4,72.111,0,0,-95.000,0.000,70.000,23.864,1.200,disconnected,2
relay_failure,11.2500,1,2,121.655,0,0,-95.000,0.000,70.000,34.764,1.200,disconnected,2
relay_failure,11.2500,1,3,72.111,0,0,-95.000,0.000,70.000,23.864,1.200,disconnected,2
relay_failure,11.2500,1,4,60.000,0,0,-95.000,0.000,70.000,21.200,2.200,disconnected,2
relay_failure,11.2500,2,3,63.246,0,0,-95.000,0.000,70.000,21.914,1.454,disconnected,2
relay_failure,11.2500,2,4,63.246,0,0,-95.000,0.000,70.000,21.914,1.454,disconnected,2
relay_failure,11.2500,3,4,40.000,0,0,-95.000,0.000,70.000,16.800,6.800,disconnected,2
relay_failure,11.5000,0,1,40.000,0,0,-95.000,0.000,70.000,16.800,6.800,disconnected,2
relay_failure,11.5000,0,2,123.628,0,0,-95.000,0.000,70.000,35.198,1.200,disconnected,2
relay_failure,11.5000,0,3,60.000,0,0,-95.000,0.000,70.000,21.200,2.200,disconnected,2
relay_failure,11.5000,0,4,72.111,0,0,-95.000,0.000,70.000,23.864,1.200,disconnected,2
relay_failure,11.5000,1,2,123.628,0,0,-95.000,0.000,70.000,35.198,1.200,disconnected,2
relay_failure,11.5000,1,3,72.111,0,0,-95.000,0.000,70.000,23.864,1.200,disconnected,2
relay_failure,11.5000,1,4,60.000,0,0,-95.000,0.000,70.000,21.200,2.200,disconnected,2
relay_failure,11.5000,2,3,65.146,0,0,-95.000,0.000,70.000,22.332,1.200,disconnected,2
relay_failure,11.5000,2,4,65.146,0,0,-95.000,0.000,70.000,22.332,1.200,disconnected,2
relay_failure,11.5000,3,4,40.000,0,0,-95.000,0.000,70.000,16.800,6.800,disconnected,2
relay_failure,11.7500,0,1,40.000,0,0,-95.000,0.000,70.000,16.800,6.800,disconnected,2
relay_failure,11.7500,0,2,125.603,0,0,-95.000,0.000,70.000,35.633,1.200,disconnected,2
relay_failure,11.7500,0,3,60.000,0,0,-95.000,0.000,70.000,21.200,2.200,disconnected,2
relay_failure,11.7500,0,4,72.111,0,0,-95.000,0.000,70.000,23.864,1.200,disconnected,2
relay_failure,11.7500,1,2,125.603,0,0,-95.000,0.000,70.000,35.633,1.200,disconnected,2
relay_failure,11.7500,1,3,72.111,0,0,-95.000,0.000,70.000,23.864,1.200,disconnected,2
relay_failure,11.7500,1,4,60.000,0,0,-95.000,0.000,70.000,21.200,2.200,disconnected,2
relay_failure,11.7500,2,3,67.052,0,0,-95.000,0.000,70.000,22.751,1.200,disconnected,2
relay_failure,11.7500,2,4,67.052,0,0,-95.000,0.000,70.000,22.751,1.200,disconnected,2
relay_failure,11.7500,3,4,40.000,0,0,-95.000,0.000,70.000,16.800,6.800,disconnected,2
relay_failure,12.0000,0,1,40.000,0,0,-95.000,0.000,70.000,16.800,6.800,disconnected,2
relay_failure,12.0000,0,2,127.577,0,0,-95.000,0.000,70.000,36.067,1.200,disconnected,2
relay_failure,12.0000,0,3,60.000,0,0,-95.000,0.000,70.000,21.200,2.200,disconnected,2
relay_failure,12.0000,0,4,72.111,0,0,-95.000,0.000,70.000,23.864,1.200,disconnected,2
relay_failure,12.0000,1,2,127.577,0,0,-95.000,0.000,70.000,36.067,1.200,disconnected,2
relay_failure,12.0000,1,3,72.111,0,0,-95.000,0.000,70.000,23.864,1.200,disconnected,2
relay_failure,12.0000,1,4,60.000,0,0,-95.000,0.000,70.000,21.200,2.200,disconnected,2
relay_failure,12.0000,2,3,68.964,0,0,-95.000,0.000,70.000,23.172,1.200,disconnected,2
relay_failure,12.0000,2,4,68.964,0,0,-95.000,0.000,70.000,23.172,1.200,disconnected,2
relay_failure,12.0000,3,4,40.000,0,0,-95.000,0.000,70.000,16.800,6.800,disconnected,2
relay_failure,12.2500,0,1,40.000,0,0,-95.000,0.000,70.000,16.800,6.800,disconnected,2
relay_failure,12.2500,0,2,129.553,0,0,-95.000,0.000,70.000,36.502,1.200,disconnected,2
relay_failure,12.2500,0,3,60.000,1,0,-78.688,16.312,6.474,21.200,2.200,degraded,2
relay_failure,12.2500,0,4,72.111,0,0,-95.000,0.000,70.000,23.864,1.200,disconnected,2
relay_failure,12.2500,1,2,129.553,0,0,-95.000,0.000,70.000,36.502,1.200,disconnected,2
relay_failure,12.2500,1,3,72.111,1,0,-80.844,14.156,11.094,23.864,1.200,degraded,2
relay_failure,12.2500,1,4,60.000,0,0,-95.000,0.000,70.000,21.200,2.200,disconnected,2
relay_failure,12.2500,2,3,70.880,1,0,-80.337,14.663,10.008,23.594,1.200,degraded,2
relay_failure,12.2500,2,4,70.880,0,0,-95.000,0.000,70.000,23.594,1.200,disconnected,2
relay_failure,12.2500,3,4,40.000,1,0,-73.933,21.067,0.500,16.800,6.800,healthy,2
relay_failure,12.5000,0,1,40.000,1,0,-73.933,21.067,0.500,16.800,6.800,healthy,2
relay_failure,12.5000,0,2,131.529,0,0,-95.000,0.000,70.000,36.936,1.200,disconnected,2
relay_failure,12.5000,0,3,60.000,1,0,-78.688,16.312,6.474,21.200,2.200,degraded,2
relay_failure,12.5000,0,4,72.111,1,0,-80.844,14.156,11.094,23.864,1.200,degraded,2
relay_failure,12.5000,1,2,131.529,0,0,-95.000,0.000,70.000,36.936,1.200,disconnected,2
relay_failure,12.5000,1,3,72.111,1,0,-80.844,14.156,11.094,23.864,1.200,degraded,2
relay_failure,12.5000,1,4,60.000,1,0,-78.688,16.312,6.474,21.200,2.200,degraded,2
relay_failure,12.5000,2,3,72.801,1,0,-80.943,14.057,11.305,24.016,1.200,degraded,2
relay_failure,12.5000,2,4,72.801,1,0,-80.794,14.206,10.988,24.016,1.200,degraded,2
relay_failure,12.5000,3,4,40.000,1,0,-73.933,21.067,0.500,16.800,6.800,healthy,2
relay_failure,12.7500,0,1,40.000,0,0,-95.000,0.000,70.000,16.800,6.800,disconnected,2
relay_failure,12.7500,0,2,133.507,0,0,-95.000,0.000,70.000,37.371,1.200,disconnected,2
relay_failure,12.7500,0,3,60.000,0,0,-95.000,0.000,70.000,21.200,2.200,disconnected,2
relay_failure,12.7500,0,4,72.111,0,0,-95.000,0.000,70.000,23.864,1.200,disconnected,2
relay_failure,12.7500,1,2,133.507,0,0,-95.000,0.000,70.000,37.371,1.200,disconnected,2
relay_failure,12.7500,1,3,72.111,0,0,-95.000,0.000,70.000,23.864,1.200,disconnected,2
relay_failure,12.7500,1,4,60.000,0,0,-95.000,0.000,70.000,21.200,2.200,disconnected,2
relay_failure,12.7500,2,3,74.726,0,0,-95.000,0.000,70.000,24.440,1.200,disconnected,2
relay_failure,12.7500,2,4,74.726,0,0,-95.000,0.000,70.000,24.440,1.200,disconnected,2
relay_failure,12.7500,3,4,40.000,0,0,-95.000,0.000,70.000,16.800,6.800,disconnected,2
relay_failure,13.0000,0,1,40.000,0,0,-95.000,0.000,70.000,16.800,6.800,disconnected,2
relay_failure,13.0000,0,2,135.484,0,0,-95.000,0.000,70.000,37.807,1.200,disconnected,2
relay_failure,13.0000,0,3,60.000,0,0,-95.000,0.000,70.000,21.200,2.200,disconnected,2
relay_failure,13.0000,0,4,72.111,0,0,-95.000,0.000,70.000,23.864,1.200,disconnected,2
relay_failure,13.0000,1,2,135.484,0,0,-95.000,0.000,70.000,37.807,1.200,disconnected,2
relay_failure,13.0000,1,3,72.111,0,0,-95.000,0.000,70.000,23.864,1.200,disconnected,2
relay_failure,13.0000,1,4,60.000,0,0,-95.000,0.000,70.000,21.200,2.200,disconnected,2
relay_failure,13.0000,2,3,76.655,0,0,-95.000,0.000,70.000,24.864,1.200,disconnected,2
relay_failure,13.0000,2,4,76.655,0,0,-95.000,0.000,70.000,24.864,1.200,disconnected,2
relay_failure,13.0000,3,4,40.000,0,0,-95.000,0.000,70.000,16.800,6.800,disconnected,2
relay_failure,13.2500,0,1,40.000,0,0,-95.000,0.000,70.000,16.800,6.800,disconnected,2
relay_failure,13.2500,0,2,137.463,0,0,-95.000,0.000,70.000,38.242,1.200,disconnected,2
relay_failure,13.2500,0,3,60.000,0,0,-95.000,0.000,70.000,21.200,2.200,disconnected,2
relay_failure,13.2500,0,4,72.111,0,0,-95.000,0.000,70.000,23.864,1.200,disconnected,2
relay_failure,13.2500,1,2,137.463,0,0,-95.000,0.000,70.000,38.242,1.200,disconnected,2
relay_failure,13.2500,1,3,72.111,0,0,-95.000,0.000,70.000,23.864,1.200,disconnected,2
relay_failure,13.2500,1,4,60.000,0,0,-95.000,0.000,70.000,21.200,2.200,disconnected,2
relay_failure,13.2500,2,3,78.588,0,0,-95.000,0.000,70.000,25.289,1.200,disconnected,2
relay_failure,13.2500,2,4,78.588,0,0,-95.000,0.000,70.000,25.289,1.200,disconnected,2
relay_failure,13.2500,3,4,40.000,0,0,-95.000,0.000,70.000,16.800,6.800,disconnected,2
relay_failure,13.5000,0,1,40.000,0,0,-95.000,0.000,70.000,16.800,6.800,disconnected,2
relay_failure,13.5000,0,2,139.442,0,0,-95.000,0.000,70.000,38.677,1.200,disconnected,2
relay_failure,13.5000,0,3,60.000,0,0,-95.000,0.000,70.000,21.200,2.200,disconnected,2
relay_failure,13.5000,0,4,72.111,0,0,-95.000,0.000,70.000,23.864,1.200,disconnected,2
relay_failure,13.5000,1,2,139.442,0,0,-95.000,0.000,70.000,38.677,1.200,disconnected,2
relay_failure,13.5000,1,3,72.111,0,0,-95.000,0.000,70.000,23.864,1.200,disconnected,2
relay_failure,13.5000,1,4,60.000,0,0,-95.000,0.000,70.000,21.200,2.200,disconnected,2
relay_failure,13.5000,2,3,80.523,0,0,-95.000,0.000,70.000,25.715,1.200,disconnected,2
relay_failure,13.5000,2,4,80.523,0,0,-95.000,0.000,70.000,25.715,1.200,disconnected,2
relay_failure,13.5000,3,4,40.000,0,0,-95.000,0.000,70.000,16.800,6.800,disconnected,2
relay_failure,13.7500,0,1,40.000,0,0,-95.000,0.000,70.000,16.800,6.800,disconnected,2
relay_failure,13.7500,0,2,141.421,0,0,-95.000,0.000,70.000,39.113,1.200,disconnected,2
relay_failure,13.7500,0,3,60.000,0,0,-95.000,0.000,70.000,21.200,2.200,disconnected,2
relay_failure,13.7500,0,4,72.111,0,0,-95.000,0.000,70.000,23.864,1.200,disconnected,2
relay_failure,13.7500,1,2,141.421,0,0,-95.000,0.000,70.000,39.113,1.200,disconnected,2
relay_failure,13.7500,1,3,72.111,0,0,-95.000,0.000,70.000,23.864,1.200,disconnected,2
relay_failure,13.7500,1,4,60.000,0,0,-95.000,0.000,70.000,21.200,2.200,disconnected,2
relay_failure,13.7500,2,3,82.462,0,0,-95.000,0.000,70.000,26.142,1.200,disconnected,2
relay_failure,13.7500,2,4,82.462,0,0,-95.000,0.000,70.000,26.142,1.200,disconnected,2
relay_failure,13.7500,3,4,40.000,0,0,-95.000,0.000,70.000,16.800,6.800,disconnected,2
relay_failure,14.0000,0,1,40.000,0,0,-95.000,0.000,70.000,16.800,6.800,disconnected,2
relay_failure,14.0000,0,2,143.402,0,0,-95.000,0.000,70.000,39.548,1.200,disconnected,2
relay_failure,14.0000,0,3,60.000,0,0,-95.000,0.000,70.000,21.200,2.200,disconnected,2
relay_failure,14.0000,0,4,72.111,0,0,-95.000,0.000,70.000,23.864,1.200,disconnected,2
relay_failure,14.0000,1,2,143.402,0,0,-95.000,0.000,70.000,39.548,1.200,disconnected,2
relay_failure,14.0000,1,3,72.111,0,0,-95.000,0.000,70.000,23.864,1.200,disconnected,2
relay_failure,14.0000,1,4,60.000,0,0,-95.000,0.000,70.000,21.200,2.200,disconnected,2
relay_failure,14.0000,2,3,84.404,0,0,-95.000,0.000,70.000,26.569,1.200,disconnected,2
relay_failure,14.0000,2,4,84.404,0,0,-95.000,0.000,70.000,26.569,1.200,disconnected,2
relay_failure,14.0000,3,4,40.000,0,0,-95.000,0.000,70.000,16.800,6.800,disconnected,2
relay_failure,14.2500,0,1,40.000,0,0,-95.000,0.000,70.000,16.800,6.800,disconnected,2
relay_failure,14.2500,0,2,145.382,0,0,-95.000,0.000,70.000,39.984,1.200,disconnected,2
relay_failure,14.2500,0,3,60.000,0,0,-95.000,0.000,70.000,21.200,2.200,disconnected,2
relay_failure,14.2500,0,4,72.111,1,0,-80.844,14.156,11.094,23.864,1.200,degraded,2
relay_failure,14.2500,1,2,145.382,0,0,-95.000,0.000,70.000,39.984,1.200,disconnected,2
relay_failure,14.2500,1,3,72.111,0,0,-95.000,0.000,70.000,23.864,1.200,disconnected,2
relay_failure,14.2500,1,4,60.000,1,0,-78.688,16.312,6.474,21.200,2.200,degraded,2
relay_failure,14.2500,2,3,86.348,0,0,-95.000,0.000,70.000,26.997,1.200,disconnected,2
relay_failure,14.2500,2,4,86.348,0,0,-95.000,0.000,70.000,26.997,1.200,disconnected,2
relay_failure,14.2500,3,4,40.000,1,0,-73.933,21.067,0.500,16.800,6.800,healthy,2
relay_failure,14.5000,0,1,40.000,1,0,-73.933,21.067,0.500,16.800,6.800,healthy,2
relay_failure,14.5000,0,2,147.363,0,0,-95.000,0.000,70.000,40.420,1.200,disconnected,2
relay_failure,14.5000,0,3,60.000,1,0,-78.688,16.312,6.474,21.200,2.200,degraded,2
relay_failure,14.5000,0,4,72.111,1,0,-80.844,14.156,11.094,23.864,1.200,degraded,2
relay_failure,14.5000,1,2,147.363,0,0,-95.000,0.000,70.000,40.420,1.200,disconnected,2
relay_failure,14.5000,1,3,72.111,1,0,-80.844,14.156,11.094,23.864,1.200,degraded,2
relay_failure,14.5000,1,4,60.000,1,0,-78.688,16.312,6.474,21.200,2.200,degraded,2
relay_failure,14.5000,2,3,88.295,0,0,-95.000,0.000,70.000,27.425,1.200,disconnected,2
relay_failure,14.5000,2,4,88.295,0,0,-95.000,0.000,70.000,27.425,1.200,disconnected,2
relay_failure,14.5000,3,4,40.000,1,0,-73.933,21.067,0.500,16.800,6.800,healthy,2
relay_failure,14.7500,0,1,40.000,0,0,-95.000,0.000,70.000,16.800,6.800,disconnected,2
relay_failure,14.7500,0,2,149.345,0,0,-95.000,0.000,70.000,40.856,1.200,disconnected,2
relay_failure,14.7500,0,3,60.000,0,0,-95.000,0.000,70.000,21.200,2.200,disconnected,2
relay_failure,14.7500,0,4,72.111,0,0,-95.000,0.000,70.000,23.864,1.200,disconnected,2
relay_failure,14.7500,1,2,149.345,0,0,-95.000,0.000,70.000,40.856,1.200,disconnected,2
relay_failure,14.7500,1,3,72.111,0,0,-95.000,0.000,70.000,23.864,1.200,disconnected,2
relay_failure,14.7500,1,4,60.000,0,0,-95.000,0.000,70.000,21.200,2.200,disconnected,2
relay_failure,14.7500,2,3,90.244,0,0,-95.000,0.000,70.000,27.854,1.200,disconnected,2
relay_failure,14.7500,2,4,90.244,0,0,-95.000,0.000,70.000,27.854,1.200,disconnected,2
relay_failure,14.7500,3,4,40.000,0,0,-95.000,0.000,70.000,16.800,6.800,disconnected,2
relay_failure,15.0000,0,1,40.000,0,0,-95.000,0.000,70.000,16.800,6.800,disconnected,2
relay_failure,15.0000,0,2,151.327,0,0,-95.000,0.000,70.000,41.292,1.200,disconnected,2
relay_failure,15.0000,0,3,60.000,0,0,-95.000,0.000,70.000,21.200,2.200,disconnected,2
relay_failure,15.0000,0,4,72.111,0,0,-95.000,0.000,70.000,23.864,1.200,disconnected,2
relay_failure,15.0000,1,2,151.327,0,0,-95.000,0.000,70.000,41.292,1.200,disconnected,2
relay_failure,15.0000,1,3,72.111,0,0,-95.000,0.000,70.000,23.864,1.200,disconnected,2
relay_failure,15.0000,1,4,60.000,0,0,-95.000,0.000,70.000,21.200,2.200,disconnected,2
relay_failure,15.0000,2,3,92.195,0,0,-95.000,0.000,70.000,28.283,1.200,disconnected,2
relay_failure,15.0000,2,4,92.195,0,0,-95.000,0.000,70.000,28.283,1.200,disconnected,2
relay_failure,15.0000,3,4,40.000,0,0,-95.000,0.000,70.000,16.800,6.800,disconnected,2
relay_failure,15.2500,0,1,40.000,1,0,-73.933,21.067,0.500,16.800,6.800,healthy,2
relay_failure,15.2500,0,2,153.310,0,0,-95.000,0.000,70.000,41.728,1.200,disconnected,2
relay_failure,15.2500,0,3,60.000,1,0,-78.688,16.312,6.474,21.200,2.200,degraded,2
relay_failure,15.2500,0,4,72.111,1,0,-80.844,14.156,11.094,23.864,1.200,degraded,2
relay_failure,15.2500,1,2,153.310,0,0,-95.000,0.000,70.000,41.728,1.200,disconnected,2
relay_failure,15.2500,1,3,72.111,1,0,-80.844,14.156,11.094,23.864,1.200,degraded,2
relay_failure,15.2500,1,4,60.000,1,0,-78.688,16.312,6.474,21.200,2.200,degraded,2
relay_failure,15.2500,2,3,94.149,0,0,-95.000,0.000,70.000,28.713,1.200,disconnected,2
relay_failure,15.2500,2,4,94.149,0,0,-95.000,0.000,70.000,28.713,1.200,disconnected,2
relay_failure,15.2500,3,4,40.000,0,0,-95.000,0.000,70.000,16.800,6.800,disconnected,2
relay_failure,15.5000,0,1,40.000,0,0,-95.000,0.000,70.000,16.800,6.800,disconnected,2
relay_failure,15.5000,0,2,155.293,0,0,-95.000,0.000,70.000,42.165,1.200,disconnected,2
relay_failure,15.5000,0,3,60.000,0,0,-95.000,0.000,70.000,21.200,2.200,disconnected,2
relay_failure,15.5000,0,4,72.111,1,0,-80.844,14.156,11.094,23.864,1.200,degraded,2
relay_failure,15.5000,1,2,155.293,0,0,-95.000,0.000,70.000,42.165,1.200,disconnected,2
relay_failure,15.5000,1,3,72.111,0,0,-95.000,0.000,70.000,23.864,1.200,disconnected,2
relay_failure,15.5000,1,4,60.000,1,0,-78.688,16.312,6.474,21.200,2.200,degraded,2
relay_failure,15.5000,2,3,96.104,0,0,-95.000,0.000,70.000,29.143,1.200,disconnected,2
relay_failure,15.5000,2,4,96.104,0,0,-95.000,0.000,70.000,29.143,1.200,disconnected,2
relay_failure,15.5000,3,4,40.000,1,0,-73.933,21.067,0.500,16.800,6.800,healthy,2
relay_failure,15.7500,0,1,40.000,1,0,-73.933,21.067,0.500,16.800,6.800,healthy,2
relay_failure,15.7500,0,2,157.277,0,0,-95.000,0.000,70.000,42.601,1.200,disconnected,2
relay_failure,15.7500,0,3,60.000,1,0,-78.688,16.312,6.474,21.200,2.200,degraded,2
relay_failure,15.7500,0,4,72.111,1,0,-80.844,14.156,11.094,23.864,1.200,degraded,2
relay_failure,15.7500,1,2,157.277,0,0,-95.000,0.000,70.000,42.601,1.200,disconnected,2
relay_failure,15.7500,1,3,72.111,0,0,-95.000,0.000,70.000,23.864,1.200,disconnected,2
relay_failure,15.7500,1,4,60.000,0,0,-95.000,0.000,70.000,21.200,2.200,disconnected,2
relay_failure,15.7500,2,3,98.061,0,0,-95.000,0.000,70.000,29.573,1.200,disconnected,2
relay_failure,15.7500,2,4,98.061,0,0,-95.000,0.000,70.000,29.573,1.200,disconnected,2
relay_failure,15.7500,3,4,40.000,0,0,-95.000,0.000,70.000,16.800,6.800,disconnected,2
relay_failure,16.0000,0,1,40.000,0,0,-95.000,0.000,70.000,16.800,6.800,disconnected,2
relay_failure,16.0000,0,2,159.261,0,0,-95.000,0.000,70.000,43.037,1.200,disconnected,2
relay_failure,16.0000,0,3,60.000,0,0,-95.000,0.000,70.000,21.200,2.200,disconnected,2
relay_failure,16.0000,0,4,72.111,0,0,-95.000,0.000,70.000,23.864,1.200,disconnected,2
relay_failure,16.0000,1,2,159.261,0,0,-95.000,0.000,70.000,43.037,1.200,disconnected,2
relay_failure,16.0000,1,3,72.111,0,0,-95.000,0.000,70.000,23.864,1.200,disconnected,2
relay_failure,16.0000,1,4,60.000,0,0,-95.000,0.000,70.000,21.200,2.200,disconnected,2
relay_failure,16.0000,2,3,100.020,0,0,-95.000,0.000,70.000,30.004,1.200,disconnected,2
relay_failure,16.0000,2,4,100.020,0,0,-95.000,0.000,70.000,30.004,1.200,disconnected,2
relay_failure,16.0000,3,4,40.000,0,0,-95.000,0.000,70.000,16.800,6.800,disconnected,2
relay_failure,16.2500,0,1,40.000,1,0,-73.933,21.067,0.500,16.800,6.800,healthy,2
relay_failure,16.2500,0,2,161.245,0,0,-95.000,0.000,70.000,43.474,1.200,disconnected,2
relay_failure,16.2500,0,3,60.000,1,0,-78.688,16.312,6.474,21.200,2.200,degraded,2
relay_failure,16.2500,0,4,72.111,0,0,-95.000,0.000,70.000,23.864,1.200,disconnected,2
relay_failure,16.2500,1,2,161.245,0,0,-95.000,0.000,70.000,43.474,1.200,disconnected,2
relay_failure,16.2500,1,3,72.111,1,0,-80.844,14.156,11.094,23.864,1.200,degraded,2
relay_failure,16.2500,1,4,60.000,1,0,-78.688,16.312,6.474,21.200,2.200,degraded,2
relay_failure,16.2500,2,3,101.980,0,0,-95.000,0.000,70.000,30.436,1.200,disconnected,2
relay_failure,16.2500,2,4,101.980,0,0,-95.000,0.000,70.000,30.436,1.200,disconnected,2
relay_failure,16.2500,3,4,40.000,1,0,-73.933,21.067,0.500,16.800,6.800,healthy,2
relay_failure,16.5000,0,1,40.000,1,0,-73.933,21.067,0.500,16.800,6.800,healthy,2
relay_failure,16.5000,0,2,163.230,0,0,-95.000,0.000,70.000,43.911,1.200,disconnected,2
relay_failure,16.5000,0,3,60.000,1,0,-78.688,16.312,6.474,21.200,2.200,degraded,2
relay_failure,16.5000,0,4,72.111,1,0,-80.844,14.156,11.094,23.864,1.200,degraded,2
relay_failure,16.5000,1,2,163.230,0,0,-95.000,0.000,70.000,43.911,1.200,disconnected,2
relay_failure,16.5000,1,3,72.111,0,0,-95.000,0.000,70.000,23.864,1.200,disconnected,2
relay_failure,16.5000,1,4,60.000,1,0,-78.688,16.312,6.474,21.200,2.200,degraded,2
relay_failure,16.5000,2,3,103.942,0,0,-95.000,0.000,70.000,30.867,1.200,disconnected,2
relay_failure,16.5000,2,4,103.942,0,0,-95.000,0.000,70.000,30.867,1.200,disconnected,2
relay_failure,16.5000,3,4,40.000,1,0,-73.933,21.067,0.500,16.800,6.800,healthy,2
relay_failure,16.7500,0,1,40.000,0,0,-95.000,0.000,70.000,16.800,6.800,disconnected,2
relay_failure,16.7500,0,2,165.215,0,0,-95.000,0.000,70.000,44.347,1.200,disconnected,2
relay_failure,16.7500,0,3,60.000,0,0,-95.000,0.000,70.000,21.200,2.200,disconnected,2
relay_failure,16.7500,0,4,72.111,0,0,-95.000,0.000,70.000,23.864,1.200,disconnected,2
relay_failure,16.7500,1,2,165.215,0,0,-95.000,0.000,70.000,44.347,1.200,disconnected,2
relay_failure,16.7500,1,3,72.111,0,0,-95.000,0.000,70.000,23.864,1.200,disconnected,2
relay_failure,16.7500,1,4,60.000,0,0,-95.000,0.000,70.000,21.200,2.200,disconnected,2
relay_failure,16.7500,2,3,105.906,0,0,-95.000,0.000,70.000,31.299,1.200,disconnected,2
relay_failure,16.7500,2,4,105.906,0,0,-95.000,0.000,70.000,31.299,1.200,disconnected,2
relay_failure,16.7500,3,4,40.000,0,0,-95.000,0.000,70.000,16.800,6.800,disconnected,2
relay_failure,17.0000,0,1,40.000,0,0,-95.000,0.000,70.000,16.800,6.800,disconnected,2
relay_failure,17.0000,0,2,167.200,0,0,-95.000,0.000,70.000,44.784,1.200,disconnected,2
relay_failure,17.0000,0,3,60.000,0,0,-95.000,0.000,70.000,21.200,2.200,disconnected,2
relay_failure,17.0000,0,4,72.111,0,0,-95.000,0.000,70.000,23.864,1.200,disconnected,2
relay_failure,17.0000,1,2,167.200,0,0,-95.000,0.000,70.000,44.784,1.200,disconnected,2
relay_failure,17.0000,1,3,72.111,0,0,-95.000,0.000,70.000,23.864,1.200,disconnected,2
relay_failure,17.0000,1,4,60.000,0,0,-95.000,0.000,70.000,21.200,2.200,disconnected,2
relay_failure,17.0000,2,3,107.870,0,0,-95.000,0.000,70.000,31.731,1.200,disconnected,2
relay_failure,17.0000,2,4,107.870,0,0,-95.000,0.000,70.000,31.731,1.200,disconnected,2
relay_failure,17.0000,3,4,40.000,0,0,-95.000,0.000,70.000,16.800,6.800,disconnected,2
relay_failure,17.2500,0,1,40.000,0,0,-95.000,0.000,70.000,16.800,6.800,disconnected,2
relay_failure,17.2500,0,2,169.186,0,0,-95.000,0.000,70.000,45.221,1.200,disconnected,2
relay_failure,17.2500,0,3,60.000,0,0,-95.000,0.000,70.000,21.200,2.200,disconnected,2
relay_failure,17.2500,0,4,72.111,0,0,-95.000,0.000,70.000,23.864,1.200,disconnected,2
relay_failure,17.2500,1,2,169.186,0,0,-95.000,0.000,70.000,45.221,1.200,disconnected,2
relay_failure,17.2500,1,3,72.111,0,0,-95.000,0.000,70.000,23.864,1.200,disconnected,2
relay_failure,17.2500,1,4,60.000,0,0,-95.000,0.000,70.000,21.200,2.200,disconnected,2
relay_failure,17.2500,2,3,109.836,0,0,-95.000,0.000,70.000,32.164,1.200,disconnected,2
relay_failure,17.2500,2,4,109.836,0,0,-95.000,0.000,70.000,32.164,1.200,disconnected,2
relay_failure,17.2500,3,4,40.000,0,0,-95.000,0.000,70.000,16.800,6.800,disconnected,2
relay_failure,17.5000,0,1,40.000,0,0,-95.000,0.000,70.000,16.800,6.800,disconnected,2
relay_failure,17.5000,0,2,171.172,0,0,-95.000,0.000,70.000,45.658,1.200,disconnected,2
relay_failure,17.5000,0,3,60.000,0,0,-95.000,0.000,70.000,21.200,2.200,disconnected,2
relay_failure,17.5000,0,4,72.111,0,0,-95.000,0.000,70.000,23.864,1.200,disconnected,2
relay_failure,17.5000,1,2,171.172,0,0,-95.000,0.000,70.000,45.658,1.200,disconnected,2
relay_failure,17.5000,1,3,72.111,0,0,-95.000,0.000,70.000,23.864,1.200,disconnected,2
relay_failure,17.5000,1,4,60.000,0,0,-95.000,0.000,70.000,21.200,2.200,disconnected,2
relay_failure,17.5000,2,3,111.803,0,0,-95.000,0.000,70.000,32.597,1.200,disconnected,2
relay_failure,17.5000,2,4,111.803,0,0,-95.000,0.000,70.000,32.597,1.200,disconnected,2
relay_failure,17.5000,3,4,40.000,0,0,-95.000,0.000,70.000,16.800,6.800,disconnected,2
relay_failure,17.7500,0,1,40.000,0,0,-95.000,0.000,70.000,16.800,6.800,disconnected,2
relay_failure,17.7500,0,2,173.159,0,0,-95.000,0.000,70.000,46.095,1.200,disconnected,2
relay_failure,17.7500,0,3,60.000,0,0,-95.000,0.000,70.000,21.200,2.200,disconnected,2
relay_failure,17.7500,0,4,72.111,0,0,-95.000,0.000,70.000,23.864,1.200,disconnected,2
relay_failure,17.7500,1,2,173.159,0,0,-95.000,0.000,70.000,46.095,1.200,disconnected,2
relay_failure,17.7500,1,3,72.111,0,0,-95.000,0.000,70.000,23.864,1.200,disconnected,2
relay_failure,17.7500,1,4,60.000,0,0,-95.000,0.000,70.000,21.200,2.200,disconnected,2
relay_failure,17.7500,2,3,113.772,0,0,-95.000,0.000,70.000,33.030,1.200,disconnected,2
relay_failure,17.7500,2,4,113.772,0,0,-95.000,0.000,70.000,33.030,1.200,disconnected,2
relay_failure,17.7500,3,4,40.000,0,0,-95.000,0.000,70.000,16.800,6.800,disconnected,2
relay_failure,18.0000,0,1,40.000,0,0,-95.000,0.000,70.000,16.800,6.800,disconnected,2
relay_failure,18.0000,0,2,175.146,0,0,-95.000,0.000,70.000,46.532,1.200,disconnected,2
relay_failure,18.0000,0,3,60.000,0,0,-95.000,0.000,70.000,21.200,2.200,disconnected,2
relay_failure,18.0000,0,4,72.111,0,0,-95.000,0.000,70.000,23.864,1.200,disconnected,2
relay_failure,18.0000,1,2,175.146,0,0,-95.000,0.000,70.000,46.532,1.200,disconnected,2
relay_failure,18.0000,1,3,72.111,0,0,-95.000,0.000,70.000,23.864,1.200,disconnected,2
relay_failure,18.0000,1,4,60.000,0,0,-95.000,0.000,70.000,21.200,2.200,disconnected,2
relay_failure,18.0000,2,3,115.741,0,0,-95.000,0.000,70.000,33.463,1.200,disconnected,2
relay_failure,18.0000,2,4,115.741,0,0,-95.000,0.000,70.000,33.463,1.200,disconnected,2
relay_failure,18.0000,3,4,40.000,0,0,-95.000,0.000,70.000,16.800,6.800,disconnected,2
relay_failure,18.2500,0,1,40.000,1,0,-73.933,21.067,0.500,16.800,6.800,healthy,2
relay_failure,18.2500,0,2,177.133,0,0,-95.000,0.000,70.000,46.969,1.200,disconnected,2
relay_failure,18.2500,0,3,60.000,1,0,-78.688,16.312,6.474,21.200,2.200,degraded,2
relay_failure,18.2500,0,4,72.111,1,0,-80.844,14.156,11.094,23.864,1.200,degraded,2
relay_failure,18.2500,1,2,177.133,0,0,-95.000,0.000,70.000,46.969,1.200,disconnected,2
relay_failure,18.2500,1,3,72.111,1,0,-80.844,14.156,11.094,23.864,1.200,degraded,2
relay_failure,18.2500,1,4,60.000,1,0,-78.688,16.312,6.474,21.200,2.200,degraded,2
relay_failure,18.2500,2,3,117.712,0,0,-95.000,0.000,70.000,33.897,1.200,disconnected,2
relay_failure,18.2500,2,4,117.712,0,0,-95.000,0.000,70.000,33.897,1.200,disconnected,2
relay_failure,18.2500,3,4,40.000,1,0,-73.933,21.067,0.500,16.800,6.800,healthy,2
relay_failure,18.5000,0,1,40.000,1,0,-73.933,21.067,0.500,16.800,6.800,healthy,2
relay_failure,18.5000,0,2,179.120,0,0,-95.000,0.000,70.000,47.406,1.200,disconnected,2
relay_failure,18.5000,0,3,60.000,1,0,-78.688,16.312,6.474,21.200,2.200,degraded,2
relay_failure,18.5000,0,4,72.111,1,0,-80.844,14.156,11.094,23.864,1.200,degraded,2
relay_failure,18.5000,1,2,179.120,0,0,-95.000,0.000,70.000,47.406,1.200,disconnected,2
relay_failure,18.5000,1,3,72.111,0,0,-95.000,0.000,70.000,23.864,1.200,disconnected,2
relay_failure,18.5000,1,4,60.000,0,0,-95.000,0.000,70.000,21.200,2.200,disconnected,2
relay_failure,18.5000,2,3,119.683,0,0,-95.000,0.000,70.000,34.330,1.200,disconnected,2
relay_failure,18.5000,2,4,119.683,0,0,-95.000,0.000,70.000,34.330,1.200,disconnected,2
relay_failure,18.5000,3,4,40.000,0,0,-95.000,0.000,70.000,16.800,6.800,disconnected,2
relay_failure,18.7500,0,1,40.000,0,0,-95.000,0.000,70.000,16.800,6.800,disconnected,2
relay_failure,18.7500,0,2,181.108,0,0,-95.000,0.000,70.000,47.844,1.200,disconnected,2
relay_failure,18.7500,0,3,60.000,0,0,-95.000,0.000,70.000,21.200,2.200,disconnected,2
relay_failure,18.7500,0,4,72.111,0,0,-95.000,0.000,70.000,23.864,1.200,disconnected,2
relay_failure,18.7500,1,2,181.108,0,0,-95.000,0.000,70.000,47.844,1.200,disconnected,2
relay_failure,18.7500,1,3,72.111,0,0,-95.000,0.000,70.000,23.864,1.200,disconnected,2
relay_failure,18.7500,1,4,60.000,0,0,-95.000,0.000,70.000,21.200,2.200,disconnected,2
relay_failure,18.7500,2,3,121.655,0,0,-95.000,0.000,70.000,34.764,1.200,disconnected,2
relay_failure,18.7500,2,4,121.655,0,0,-95.000,0.000,70.000,34.764,1.200,disconnected,2
relay_failure,18.7500,3,4,40.000,0,0,-95.000,0.000,70.000,16.800,6.800,disconnected,2
relay_failure,19.0000,0,1,40.000,0,0,-95.000,0.000,70.000,16.800,6.800,disconnected,2
relay_failure,19.0000,0,2,183.096,0,0,-95.000,0.000,70.000,48.281,1.200,disconnected,2
relay_failure,19.0000,0,3,60.000,0,0,-95.000,0.000,70.000,21.200,2.200,disconnected,2
relay_failure,19.0000,0,4,72.111,0,0,-95.000,0.000,70.000,23.864,1.200,disconnected,2
relay_failure,19.0000,1,2,183.096,0,0,-95.000,0.000,70.000,48.281,1.200,disconnected,2
relay_failure,19.0000,1,3,72.111,0,0,-95.000,0.000,70.000,23.864,1.200,disconnected,2
relay_failure,19.0000,1,4,60.000,0,0,-95.000,0.000,70.000,21.200,2.200,disconnected,2
relay_failure,19.0000,2,3,123.628,0,0,-95.000,0.000,70.000,35.198,1.200,disconnected,2
relay_failure,19.0000,2,4,123.628,0,0,-95.000,0.000,70.000,35.198,1.200,disconnected,2
relay_failure,19.0000,3,4,40.000,0,0,-95.000,0.000,70.000,16.800,6.800,disconnected,2
relay_failure,19.2500,0,1,40.000,0,0,-95.000,0.000,70.000,16.800,6.800,disconnected,2
relay_failure,19.2500,0,2,185.084,0,0,-95.000,0.000,70.000,48.718,1.200,disconnected,2
relay_failure,19.2500,0,3,60.000,0,0,-95.000,0.000,70.000,21.200,2.200,disconnected,2
relay_failure,19.2500,0,4,72.111,0,0,-95.000,0.000,70.000,23.864,1.200,disconnected,2
relay_failure,19.2500,1,2,185.084,0,0,-95.000,0.000,70.000,48.718,1.200,disconnected,2
relay_failure,19.2500,1,3,72.111,0,0,-95.000,0.000,70.000,23.864,1.200,disconnected,2
relay_failure,19.2500,1,4,60.000,0,0,-95.000,0.000,70.000,21.200,2.200,disconnected,2
relay_failure,19.2500,2,3,125.603,0,0,-95.000,0.000,70.000,35.633,1.200,disconnected,2
relay_failure,19.2500,2,4,125.603,0,0,-95.000,0.000,70.000,35.633,1.200,disconnected,2
relay_failure,19.2500,3,4,40.000,0,0,-95.000,0.000,70.000,16.800,6.800,disconnected,2
relay_failure,19.5000,0,1,40.000,0,0,-95.000,0.000,70.000,16.800,6.800,disconnected,2
relay_failure,19.5000,0,2,187.072,0,0,-95.000,0.000,70.000,49.156,1.200,disconnected,2
relay_failure,19.5000,0,3,60.000,0,0,-95.000,0.000,70.000,21.200,2.200,disconnected,2
relay_failure,19.5000,0,4,72.111,0,0,-95.000,0.000,70.000,23.864,1.200,disconnected,2
relay_failure,19.5000,1,2,187.072,0,0,-95.000,0.000,70.000,49.156,1.200,disconnected,2
relay_failure,19.5000,1,3,72.111,0,0,-95.000,0.000,70.000,23.864,1.200,disconnected,2
relay_failure,19.5000,1,4,60.000,0,0,-95.000,0.000,70.000,21.200,2.200,disconnected,2
relay_failure,19.5000,2,3,127.577,0,0,-95.000,0.000,70.000,36.067,1.200,disconnected,2
relay_failure,19.5000,2,4,127.577,0,0,-95.000,0.000,70.000,36.067,1.200,disconnected,2
relay_failure,19.5000,3,4,40.000,0,0,-95.000,0.000,70.000,16.800,6.800,disconnected,2
relay_failure,19.7500,0,1,40.000,0,0,-95.000,0.000,70.000,16.800,6.800,disconnected,2
relay_failure,19.7500,0,2,189.061,0,0,-95.000,0.000,70.000,49.593,1.200,disconnected,2
relay_failure,19.7500,0,3,60.000,0,0,-95.000,0.000,70.000,21.200,2.200,disconnected,2
relay_failure,19.7500,0,4,72.111,0,0,-95.000,0.000,70.000,23.864,1.200,disconnected,2
relay_failure,19.7500,1,2,189.061,0,0,-95.000,0.000,70.000,49.593,1.200,disconnected,2
relay_failure,19.7500,1,3,72.111,0,0,-95.000,0.000,70.000,23.864,1.200,disconnected,2
relay_failure,19.7500,1,4,60.000,0,0,-95.000,0.000,70.000,21.200,2.200,disconnected,2
relay_failure,19.7500,2,3,129.553,0,0,-95.000,0.000,70.000,36.502,1.200,disconnected,2
relay_failure,19.7500,2,4,129.553,0,0,-95.000,0.000,70.000,36.502,1.200,disconnected,2
relay_failure,19.7500,3,4,40.000,0,0,-95.000,0.000,70.000,16.800,6.800,disconnected,2
